{
  "accuracy": 0.91825,
  "precision": 0.9192825112107623,
  "recall": 0.917910447761194,
  "f1": 0.9185959671396564,
  "classification_report": {
    "0": {
      "precision": 0.9172102358253889,
      "recall": 0.9185929648241206,
      "f1-score": 0.9179010795882501,
      "support": 1990.0
    },
    "1": {
      "precision": 0.9192825112107623,
      "recall": 0.917910447761194,
      "f1-score": 0.9185959671396564,
      "support": 2010.0
    },
    "accuracy": 0.91825,
    "macro avg": {
      "precision": 0.9182463735180756,
      "recall": 0.9182517062926573,
      "f1-score": 0.9182485233639532,
      "support": 4000.0
    },
    "weighted avg": {
      "precision": 0.918251554206539,
      "recall": 0.91825,
      "f1-score": 0.9182502605828318,
      "support": 4000.0
    }
  }
}