{
  "accuracy": 0.924,
  "precision": 0.928388746803069,
  "recall": 0.9171298635674583,
  "f1": 0.9227249618708694,
  "classification_report": {
    "0": {
      "precision": 0.9198044009779951,
      "recall": 0.9307273626917367,
      "f1-score": 0.9252336448598131,
      "support": 2021.0
    },
    "1": {
      "precision": 0.928388746803069,
      "recall": 0.9171298635674583,
      "f1-score": 0.9227249618708694,
      "support": 1979.0
    },
    "accuracy": 0.924,
    "macro avg": {
      "precision": 0.924096573890532,
      "recall": 0.9239286131295975,
      "f1-score": 0.9239793033653412,
      "support": 4000.0
    },
    "weighted avg": {
      "precision": 0.9240515060749505,
      "recall": 0.924,
      "f1-score": 0.9239924739510331,
      "support": 4000.0
    }
  }
}